rank,handle,real_evm,source
1,"change",0x92bff72e6c943a1348aedf15d68e758e811dec64,both
2,"frankdegods",0x696d1265c8fc4f14797abebfae3c43ebfa9d8e28,both
3,"_logjam",0xdfa705fa2db5044e672d597e5eddcc11a9f2815c,alltime
4,"XVentures",0x274a38d48225256add28fb78c5e22df1fcacced7,alltime
5,"lesabre",0x06845ad055d85dfec55d7a126cd8fea30e784c01,alltime
6,"ResellCalendar",0xf7c0d9aee226b632a25b1c096d8c285ed20d55b1,alltime
7,"airtightfish",0x7e852343bfb6fae0fde911db16c8fcdca3b43bfd,alltime
8,"collectible",0xfa2b3e71486f75b6b31aa17dbd5e687f253e3111,alltime
9,"ThePrimeGreek",0x13c892fe609e9e963034bc3662cf793fd2418cac,alltime
10,"smol_intern",0x194db29f5bebacf3201abc9dbdda452116a3ff23,alltime
12,"remusofmars",0x8ab8c0843d9738885d6273dfe3de86c56eea364c,alltime
13,"Thokani",0xe6a5f7f6de90d5693fac766fca4d0d3214f95083,alltime
14,"BreakingBad",0x7b005221d66a15fb63dcd1140167fb0bf83c760c,alltime
15,"game_for_one",0xd4ba7169e9f89ffa94cbbb41b0df668eee25737d,alltime
16,"Notepad_H",0x946d3148962c48d7227824eaf299730bfd57a811,alltime
17,"surveillor",0x0cf1333e3bfaee903b9bef17fee5552d7a166539,alltime
18,"thebtcgoose",0x9337ce7e633230aa6f32e3c10d0a26aedf92a82b,alltime
19,"jeetergriffin",0x0616cf08cb13040938e3fb561f25bc5e97b0c4d4,alltime
20,"nfd",0x291137fdb1d5df3dff8238a852f777c62ab5c100,alltime
21,"GuavaGuy2001",0x40d104fe930eb4680eb61a1c7400a01e3cb76c92,alltime
22,"fibs",0x80f3b0b712a82172a67e454e313ba6e2b0e7ae64,alltime
23,"C1phervoyager",0xce7263b5af8331c3baa620db93b44522d5982e35,alltime
24,"quakerrz",0xad4095b4d1ef7ddecea527aeec3448832cf59914,alltime
25,"nosanityxbt",0x32a8afff3e4197a5044f554149a2f2e946fcd0f0,alltime
26,"notwashed",0xf0918f55b347226930d051467f6369d4a818a398,alltime
27,"AvgJoesCrypto",0x06de9c48b1e639ed5c13ec8fbd4080a38e39f2d1,alltime
28,"OinkersRUs",0x4946384166c60244cf383927bd7d2536ed2ae962,alltime
29,"pxblocito",0x578b771f5417682685338cee386a556e925fef53,alltime
30,"atom_xyz",0x24093a9b11e836f7a921d0c7c42c191ff318fdf1,alltime
31,"llonchain",0x36a1d7c9820296e9f3d816e54010d52eb98428d9,alltime
32,"wrld_sol",0xeea1a89465e31fbd95ab99b2f81ab3b974cb674e,alltime
33,"Greed",0x3ea0c92f1184b76532e33bf490deec466ee78e54,alltime
34,"letsdance",0xb08e1160b7cb55b23b0d91cc9b1081d2819ce3cc,alltime
36,"hihi33",0xa25fb7118f32e9dca8dfa41720aa99b529d50260,alltime
37,"0xleo",0xeb0f432beecf10dcc828fc1e36a3386caf634637,alltime
38,"scalps",0x3443aa206607217d2a435995bf1bfa23940c97fd,alltime
40,"clewguo",0xd77e726dd432fd1b7a3e9269e2574157bdee5048,alltime
42,"VexRex23",0x63e43e07634ea089af36bed112fd86f2e899d490,alltime
43,"Gragas",0x7b565f4cc6fdc0229106723ad39ba955763424b4,alltime
44,"real_y22",0x0d4405cc3db7df78fcc5360fd2b8db65ad820465,alltime
45,"_traderjay",0xb03d497265efc2334275445c4837b268f770a75d,alltime
46,"xxxfomoxxx",0xd5a9c4a92dde274e126f82b215fccb511147cd8e,alltime
47,"tayk4777777",0x42bc6b2aa454b9a8daba77be0eeaccd60459e25e,alltime
48,"hehe",0x15466dfa119796cc0ca5132ded40ae8b9acb8c3a,alltime
49,"astaso1",0x0895ce73ebbec6acdae7095854019ea3f2f83cb7,alltime
50,"ZeMirch",0xfbc163b642d9da956566a3dc1bc64a08d906b4c7,alltime
1,"Quanterty",0x0121525f755c9e7bbc525bba6672716ab46ced57,7d
2,"Rowdy",0x03ba951f72e59899ac8dab30cb5624dbe5d52bb8,7d
4,"397397",0xcbaea88c17888e3c7b84117bd6ebbdbf4f95b810,7d
5,"fmpumpguy",0xb0e9dcce59a1526c4277168a2505993d303f6060,7d
6,"SerAvocado",0x0e17fc4e333958e7b259ab652f334b2f5bbdb27e,7d
7,"PoorGoat_",0x9ce0cb4a193acbce0dca3283972341aed6f3f614,7d
8,"MemeKingdom",0xde7c85ed0520221b7d5802753366410fc8eba6d7,7d
9,"Dxranteth",0x5a036136290afa666f012ad6dc2ee48aef46998e,7d
10,"Pasterniq",0x6c1234dc73ee99934e8553ac82c4b0755f09a80a,7d
11,"stigstigstig_",0x662053fd75f1f7da7e524d884b96552a13d2800b,7d
12,"DumbCrayonEater",0x8f62a08537cede87d511aca6436274ab4ca080a3,7d
13,"trencHog8",0xd0e3bd0123b0fd1d67d4795c032d44f5ca045be2,7d
14,"GuavaGuy2001",0x566dc593a1b15d5fdd8ef2a04f2c9acf3b0749b4,7d
15,"ether_monk",0x2408ce75d217e3a70d6ca370c78c1b34d706f5a0,7d
16,"_keephungry",0x18b8cc321d0a0b2f18e8db845676476e714a1cf3,7d
18,"Drillpig_",0x11631d8299aa8385c95769dfa95d968248c2202a,7d
19,"admiralfinest",0x1949d393f568a54ed025bd2ee8ae6b7502fa798a,7d
20,"vydamo_",0x3efa635740d9bdf308747fd9f1a7867073391d39,7d
21,"sadcrissy",0xfec1002223824973bcd7907d133b4c027beb40c0,7d
22,"unipcs",0x0a6ebed0155edb4b21d92ad02897a626cd90119e,7d
45,"Salem1299534",0xb8f305f27ccc406373de0082cc06cb1d065504ea,7d
